NVDA	NVIDIA Corporation
2330	TAIWAN SEMICONDUCTOR MANUFACTURING
NOVO_B	NOVO NORDISK B A/S
ASML	ASML HOLDING
UBER	Uber Technologies, Inc.
BX	Blackstone Inc.
601919	COSCO SHIPPING HOLDINGS
JBSS3	JBS ON ED NM
MELI	MercadoLibre, Inc.
GMEXICO/B	GRUPO MEXICO SAB DE CV
KLAC	KLA Corporation
SCCO	Southern Copper Corporation
EMAAR	EMAAR PROPERTIES
ISRG	Intuitive Surgical, Inc.
FOX	Fox Corporation
MCO	Moody's Corporation
ANET	Arista Networks, Inc.
PLZL	Polus
APP	Applovin Corporation
SBSP3	SABESP ON NM
300274	SUNGROW POWER SUPP
EMAARDEV	EMAAR DEVELOPMENT
GMAB	GENMAB A/S
EVR	Evercore Inc.
SFM	Sprouts Farmers Market, Inc.
6857	ADVANTEST CORP
VRT	Vertiv Holdings, LLC
SN	SharkNinja, Inc.
PHOR	PhosAgro
UTHR	United Therapeutics Corporation
RHM	RHEINMETALL AG
CSU	CONSTELLATION SOFTWARE INC
EXEL	Exelixis, Inc.
600660	FUYAO GLASS INDUSTRY GROUP CO. LTD.
TTD	The Trade Desk, Inc.
K	KINROSS GOLD CORP
ADYEN	ADYEN
2379	REALTEK SEMICONDUCTOR CORP
ADNOCDRILL	ADNOC Drilling Company PJSC
WISE	WISE PLC CLS A ORD GBP0.01
300866	ANKER INNOVATIONS
2001	ZHEJIANG NHU CO
CALM	Cal-Maine Foods, Inc.
CRC	California Resources Corporation
EMG	MAN GROUP PLC (NEW) ORD USD0.0342857142
259960	KRAFTON
9992	POP MART INTL GRP LTD
HAR	HARMONY GM CO LTD
VIRT	Virtu Financial, Inc.
1308	SITC INTERNATIONAL HLDGS CO LTD
605499	EASTROC BEVERAGE (GROUP) CO LTD
ORNAV	ORION CORPORATION A
ELAL	EL AL
NMDC	NMDC Group PJSC
CLS	CELESTICA INC
UI	Ubiquiti Inc.
FPT	FPT CORPORATION
2376	GIGA-BYTE TECHNOLOGY CO
KOG	KONGSBERG GRUPPEN ASA
HALO	Halozyme Therapeutics, Inc.
267260	HD HYUNDAI ELECTRIC
TXRH	Texas Roadhouse, Inc.
EVN	EVOLUTION MINING LIMITED
LUG	LUNDIN GOLD INC
IESC	IES Holdings, Inc.
FPH	FISHER & PAYKEL HEALTHCARE CORP NPV
300724	SHENZHEN S C NEW E
PLUS	DIGIPLUS INTERACTIVE CORP
EAT	Brinker International, Inc.
GRBK	Green Brick Partners, Inc.
INPST	INPOST S.A.
ERIE	Erie Indemnity Company
SQN	SWISSQUOTE N
GQG	GQG PARTNERS INC.
FLOW	FLOW TRADERS
600988	CHIFENG JILONG GOLD MINING CO LTD
MTO	MITIE GROUP ORD GBP0.025
689009	NINEBOT LIMITED
605117	NINGBO DEYE TECHNOLOGY CO LTD
2367	GIANT BIOGENE HLDG CO. LTD
TGSU2	TRANSPORTADORA DE GAS DEL SUR S.A
975	SHANJIN INTERNATIO
603129	ZHEJIANG CFMOTO POWER
ISMEN	IS Y. MEN. DEG.
ANIM	ANIMA HOLDING
ANTM	ANEKA TAMBANG
MCH	MASAN CONSUMER CORPORATION
3230	SAMYANG FOOD
ALK_B	ALK-ABELLO B A/S
REA	REA GROUP LTD
300033	HITHINK ROYALFLUSH
DOCS	Doximity, Inc.
688578	SHANGHAI ALLIST PHARMACEUTICALS CO
APPF	AppFolio, Inc.
300628	YEALINK NETWORK TE
OGC	OCEANAGOLD CORPORATION
YOU	Clear Secure, Inc.
CNVRG	CONVERGE INFORMATION AND COMMUNICATIONS TECHNOLOGY SOLUTIONS, INC
1318	MAO GEPING COSMETICS CO LTD
MAVI	MAVI GIYIM
GTT	GTT (GAZTRANSPORT ET TECHNIGAZ) EUR0.01
ENAEX	ENAEX SA
NVMI	Nova Ltd.
CPRX	Catalyst Pharmaceuticals, Inc.
6532	BAYCURRENT INC
2360	CHROMA ATE INC
426	INNER MONGOLIA XIN
TDW	Tidewater Inc.
278470	APR
STAA	SUMBER TANIAGUNG RESOURCES TBK
688278	XIAMEN AMOYTOP BIOTECH CO LTD
FTK	FLATEXDEGIRO AG
ATH	ATHABASCA OIL CORP
MULT3	MULTIPLAN ON N2
BMI	Badger Meter, Inc.
2669	CHINA OVERSEAS PROPERTY HLDGS LTD
2155	HUNAN GOLD CORPORA
79550	LIG NEX1 CO., LTD.
300251	BEIJING ENLIGHT ME
TOI	TOPICUS COM INC
METR	METROGAS SA
3661	ALCHIP TECHNOLOGIES LIMITD
STBP3	SANTOS BRP ON NM
RMS	RAMELIUS RESOURCES LIMITED
300394	SUZHOU TFC OPTICAL
PCT	POLAR CAPITAL TECHNOLOGY TRUST PLC ORD GBP0.025
600301	GUANGXI HUAXI NONFERROUS METAL CO L
2520	KINDOM DEVELOPMENT CO LTD
DOM	DOMDEV
9636	JF SMARTINVEST HOLDINGS LTD
2059	KING SLIDE WORKS CO
PORT3	WILSON SONS ON ED NM
WAPCO	LAFARGE CEMENT WAPCO PLC
TAPG	TRIPUTRA AGRO PERSADA TBK
KYN	Kayne Anderson Energy Infrastructure Fund, Inc.
8114	POSIFLEX TECHNOLOGIES INC
PODERC1	COMPANIA MINERA PODEROSA SA
PRL	PROPEL HOLDINGS INC
300573	SHENYANG XINGQI PH
4015	JAMJOOM PHARMACEUTICALS FACTORY CO.
4587	PEPTIDREAM INC
SEZL	Sezzle Inc.
WDO	WESDOME GOLD MINES LTD
MINEROS	MINEROS S.A.
688188	SHANGHAI BOCHU ELECTRONIC TECH CORP
ARADEL	ARADEL
HWX	HEADWATER EXPLORATION INC
145020	HUGEL, INC.
CRN	CAIRN HOMES PLC ORD EUR0.001 (CDI)
603893	FUZHOU ROCKCHIP ELECTRONICS CO LTD
36930	JUSUNG ENGINEERING CO.,LTD.
BSLN	BASILEA N
214450	PHARMARESEARCH
NGI	NAVIGATOR GLOBAL INVESTMENTS LIMITED
HLAN	HILAN
AIY	IFAST
RAYA	RAYA HOLDING FOR FINANCIAL INVESTMENTS
257720	SILICON 2 CO.,LTD.
CLEBI	CELEBI
18290	VT
1773	TIANLI INTERNATIONAL HOLDINGS LTD
688019	ANJI MICROELECTRONICS TECHNOLOGY
USLM	United States Lime & Minerals, Inc.
3227	PIXART IMAGING
UFPT	UFP Technologies, Inc.
GBAN	NATURGY BAN SA
SYNE3	SYN PROP TECON NM
TIMA	ZEAL NETWORK SE
TNE	TECHNOLOGY ONE LIMITED
AGX	Argan, Inc.
319660	PSK INC.
214150	CLASSYS INC.
3939	WANGUO GOLD GROUP LTD
5274	ASPEED TECHNOLOGY INC
APX	APEX MINING COMPANY, INC.
LEU	Centrus Energy Corp.
4373	SIMPLEX HLDGS INC
7047	PORT INC
2947	SUZHOU HENGMINGDA
ATI	ASIAN TERMINALS, INC.
6896	GOLDEN THROAT HLDGS GROUP CO LTD
GAMB	Gambling.com Group Limited
EVT	ECONOMIC INVESTMENT TRUST
3030	TEST RESEARCH INC
ALCN	ALEXANDRIA CONTAINERS AND GOODS
VH2	FRIEDRICH VORWERK GRP SE
84370	EUGENE TECHNOLOGY CO., LTD.
605183	QUECHEN SILICON CHEMICAL CO LTD
3529	EMEMORY TECHNOLOGY INC.
1442	ADVANCETEK ENTERPRICE
THX	THOR EXPLORATIONS
AIO	Virtus Artificial Intelligence & Technology Opportunities Fund
GSFI	GAN SHMUEL
HEM	HEMNET GROUP AB
NWL	NETWEALTH GROUP LIMITED
FAPA	FAP AGRI TBK
MND	MANDALAY RESOURCES CORP
2718	ALLMIND HOLDINGS CORPORATION
SIQ	SMARTGROUP CORPORATION LTD
IVSO	INVISIO AB
603929	L AND K ENGINEERING (SUZHOU) CO LTD
NATF	NATIONAL FOODS LTD
MSB	Mesabi Trust
CLMB	Climb Global Solutions, Inc.
6187	ALL RING TECH CO
CICN	CICOR TECH N
PME	PRO MEDICUS LIMITED
NXSN	NEXT VISION STABIL
5710	DAEWONSANUP
31980	PSK HOLDINGS INC.
83450	GLOBAL STANDARD TECHNOLOGY CO., LTD.
PHN	PHARMANUTRA
FNOX	FORTNOX AB
OCDI	SIX OF OCTOBER DEVELOPMENT & INVESTMENT (SODIC)
1180	PARADISE ENTERTAINMENT LIMITED
SUP	SUPREME PLC ORD GBP0.10
3836	AVANT GROUP CORPORATION
ATLH	ATLAS HONDA LTD
3450	ELITE ADVANCED LASER CORP
INOD	Innodata Inc.
TGMA3	TEGMA ON NM
300570	T AND S COMMUNICAT
95610	TES CO., LTD.
TEA	TASMEA LIMITED
4162	PHARMAENGINE INC
64760	TOKAI CARBON KOREA CO., LTD
69510	ESTEC CORPORATION
688093	SUZHOU SHIHUA NEW MATERIAL TECHNOLO
BVC	BOLSA DE VALORES DE COLOMBIA S.A.
NTP	TIEN PHONG PLASTIC JSC
3978	CHINA BESTSTUDY EDUCATION GROUP
FWRY	FAWRY FOR BANKING TECHNOLOGY AND ELECTRONIC PAYMENT
INDIAMART	INDIAMART INTERMESH LTD
BTO	John Hancock Financial Opportunities Fund
BTM	PENGUIN INTL
1523	PLOVER BAY TECHNOLOGIES LTD
340570	T&L CO., LTD.
688300	NOVORAY CORPORATION
TRIM	TRIMEGAH SEKURITAS INDONESIA TBK
MLX	METALS X LIMITED
1731	PROSPEROUS INDUSTRIAL (HLDGS) LTD
3131	GRAND PROCESS TECHNOLOGY CO
3217	ARGOSY RESEARCH
DKFT	CENTRAL OMEGA RESOURCES TBK
82920	VITZROCELL CO., LTD.
1412	Q P GROUP HLDGS LTD
AEF	AUSTRALIAN ETHICAL INVESTMENT LIMITED
HAVAD	HAVANNA HOLDING SA
UNITED	UNITED BANKERS OYJ
3526	ALLTOP TECHNOLOGY CO LTD
OKOMUOIL	OKOMU OIL PALM CO PLC
CASS	CAHAYA AERO SERVICES TBK
NAPESCO	NATIONAL PETROLEUM SERVICES
SECT_B	SECTRA AB SER B
PM	PREMIER MARKETING PUBLIC CO LTD
HALEON	HALEON PAKISTAN LTD
LBW	LUBAWA
EXAE	HELLENIC EXCHANGES (CR)
EFIH	E-FINANCE FOR DIGITAL AND FINANCIAL INVESTMENTS
SNL	SUPPLY NETWORK LIMITED
2161	JBM (HEALTHCARE) LTD
HINOON	HIGHNOON LABORATORIES LTD
9528	GAS ARABIAN SERVICES CO.
6143	NETRONIX INC
MEGM	MIDDLE EAST GLASS MANUFACTURING
6788	BRILLIAN NETWORK & AUTOMATION INTEG
GNP	GENUSPLUS GROUP LTD
300515	HUNAN SUNDAY SCIEN
AAI	ASIAN ALLIANCE INTERNATIONAL PCL
NTGAZ	NATURELGAZ
6728	UP YOUNG CORNERSTONE CORP
SPR	SPYROSOFT
NORBT	NORBIT ASA
MKO	MAKO MINING CORP
SYS1	SYSTEM1 GROUP PLC ORD GBP0.01
MIPS	MIPS AB
NEA	NICOLAS CORREA
SRB	SERABI GOLD PLC ORD GBP0.10
SISB	SISB PCL
SXE	SOUTHERN CROSS ELECTRICAL ENGINEERING LTD
WAX	WAM RESEARCH LIMITED
NSL	NSL FOODS PCL
GNG	GR ENGINEERING SERVICES LIMITED
ALL	AILLERON
IPG	IPD GROUP LTD
NASCON	NASCON ALLIED INDUSTRIES PLC
MAGNI	MAGNI-TECH INDUSTRIES BHD
HME	HEMISPHERE ENERGY CORPORATION
6741	91APP INC
123860	ANAPASS, INC.
BBW	AZEUS
6231	INSYDE SOFTWARE CORP
335890	VIOL CO., LTD.
EZZ	EZZ LIFE SCIENCE HOLDINGS LIMITED
PLC	PLC
5262	GIGASTONE CORPORATION
SCS	SAIGON CARGO SERVICE CORP
SGN	SYGNITY
TRANSCOHOT	TRANSCORP HOTELS PLC
MHOT	MISR HOTELS
AST	TASECO AIR SERVICES JOINT STOCK COMPANY
PABC	PAKISTAN ALUMINIUM BEVERAGE CANS LIMITED
2302	CNNC INTERNATIONAL LTD.
14940	ORIENTAL PRECISION & ENGINEERING CO.,LTD
6807	FY GROUP LTD
4571	KHGEARS INTERNATIONAL LTD
BEZ	BENG KUANG
TSSI	TSS, Inc.
3350	HANKOOK COSMETICS MANUFACTURING
2031	AUSUPREME INTERNATIONAL HLDGS LTD
MEGAP	MEGA POLIETILEN
5TP	CNMC GOLDMINE
INNO	INNOPRISE PLANTATIONS BERHAD
IGP	INTERCEDE GROUP ORD GBP0.01
6683	KEYSTONE MICROTECH CO
PT	PREMIER TECHNOLOGY PUBLIC CO LTD
MARK	MARK DYNAMICS INDONESIA
FIDSON	FIDSON HEALTHCARE PLC
MUREB	MURREE BREWERY LTD
MPTI	M-tron Industries, Inc.
KEJU	MULIA BOGA RAYA TBK
INA	INSOLATION ENERGY LIMITED
AKR	EKARAT ENGINEERING
HONYFLOUR	HONEYWELL FLOUR MILLS PLC
GHNI	GHANDHARA INDUSTRIES CO LTD
4979	LUXNET CORPORATION
ELITE	ELITE NATUREL ORGANIK GIDA
BEEF	ESTIKA TATA TIARA TBK
263860	GENIANS, INC.
179290	MITECH CO., LTD.
41190	WOORI TECHNOLOGY INVESTMENT CO., LTD
IPCC	INDONESIA KENDARAAN TERMINAL TBK
GMM	Global Mofy AI Limited
260970	S&D CO., LTD
3570	OTSUKA INFORMATION TECHNOLOGY CORP.
ARYT	ARYT
6028	GOLDEN INSURANCE BROKERS CO LTD
KISS	ROJUKISS INTERNATIONAL PCL
4987	GODEX INTERNATIONA
2751	KINGZA INTERNATIONAL CO LTD
408920	MESSE ESANG
9550	SURE GLOBAL TECH CO
98120	MICRO CONTACT SOLUTION CO.,LTD.
9627	TWAREAT MEDICAL CARE CO.
CGS	COGSTATE LTD
6498	POWERTIP IMAGE CORP
1451	MS GROUP HLDGS LTD
332370	IDP CORP., LTD.
KPG	KELLY PARTNERS GROUP HOLDINGS LIMITED
4772	TAIWAN SPECIALITY CHEMICALS CORPORA
MCBIM	MCB INVESTMENT MANAGEMENT LIMITED
SHFA	SHIFA INTERNATIONAL HOSPITALS LTD
NCI	NTG CLARITY NETWORKS INC
CELLECOR	CELLECOR GADGETS LTD
HGM	HA GIANG MINERAL MECHANICS JSC
356890	CYBERONE CO., LTD.
8342	I JANG INDUSTRIA CO LTD
CHCI	Comstock Holding Companies, Inc.
ADB	AUTOCOUNT DOTCOM BERHAD
1712	DRAGON MINING LIMITED
APP	APPLICAD PCL
PLEJD	PLEJD AB
GAL	GHANDHARA AUTOMOBILES LTD
9557	EDARAT COMMUNICATION AND INFORMATION TECHNOLOGY CO.
SED	PHUONG NAM EDUCATION INV & DEV JSC
ZAL	ZALARIS ASA
ETST	Earth Science Tech, Inc.
VLL.N0000	VIDULLANKA PLC
SKS	SKS TECHNOLOGIES GROUP LIMITED
OPXS	Optex Systems Holdings, Inc.
TFC	TRANG CORPORATION
ATR	ATREM
IDR	Idaho Strategic Resources, Inc.
6855	ECLATORQ TECHNOLOGY CO LTD
AHC	AUSTCO HEALTHCARE LIMITED
MTRKS	MATRIKS FINANSAL TEKNOLOJILER
MAM	MICROEQUITIES ASSET MANAGEMENT GROUP LIMITED
TBTC	Table Trac, Inc.
NFC	NINH BINH PHOSPHATE FERTILIZER JSC
7714	UNIFORCE TECHNOLOGY CORPORATION
ACFN	Acorn Energy, Inc.
8162	LOCO HONG KONG HOLDINGS LIMITED
6898	CHAINSEA INFORMATION INTEGRATION CO
CLOUDPT	CLOUDPOINT TECHNOLOGY BERHAD
HNW	Pioneer Diversified High Income Fund, Inc.
ZKX	EVER GLORY
6820	ACON OPTICS COMMUNICATIONS INC
UNIQ	ULIMA NITRA TBK
NEX	RECLAIMS GLOBAL
SGC	SA GIANG IMPORT-EXPORT CORPORATION
STP	SAHATHAI PRINTING & PACKAGING PCL
6986	HEXUN BIOSCIENCES CO LTD
JSGCL	JS GLOBAL CAPITAL LTD
INDXA	INDEXA CAPITAL GROUP, S.A.
ADCI	ARAB PHARMACEUTICALS
MFGROUP	MANFORCE GROUP BERHAD
LFECORP	LFE CORPORATION BHD
VINSYS	VINSYS IT SERVICES IND LTD
ITECH	I-TECH AB
6955	BONRAYBIO CO LTD
MAYBAKER	MAY AND BAKER PLC - NIGERIA
VERTI	VERTIKAL GROUP ZRT
ETRS	EGYPTIAN TRANSPORT (EGYTRANS)
IKEJAHOTEL	IKEJA HOTEL PLC
CFF	CFF FLUID CONTROL LIMITED
SEALMATIC	SEALMATIC INDIA LIMITED
BRIGHT	BRIGHT OUTDOOR MEDIA LIMITED
INTEK	INNOSA TEKNOLOJI
PVE	PO VALLEY ENERGY LIMITED
MOBILIA	MOBILIA HOLDINGS BERHAD
AFRIPRUD	AFRICA PRUDENTIAL REGISTRARS PLC
ARYACAPM	ARYAMAN CAPITAL MARKETS LIMITE
ENEST	ENEST GROUP BERHAD
SYSTANGO	SYSTANGO TECHNOLOGIES LTD
LFLO	IMAGO MULIA PERSADA TBK
KEL	KUNDAN EDIFICE LTD
TAH	THIRD AGE HEALTH SERVICES LTD NPV
CTZ	NAMSYS INC
6979	VICTORY FOR TECHNOLOGY CO LTD
BIG	B.I.G. INDUSTRIES BHD
ESENT	ESENSE HUMAN RES
BERGER	BERGER PAINTS PLC - NIGERIA
ZTE	ZTEST ELECTRONICS INC.
NINH	NOZHA INTERNATIONAL HOSPITAL
MPSOL	MATRIX PARKING SOLUTION HOLDINGS BERHAD
CSOC.A	CANSO SELECT OPPORTUNITIES CORP
URBAN	URBAN ENVIRO WASTE MGMT L
TIP	THE INITIATES PLC
AAGC	All American Gold Corp.
TECHKGREEN	TECHKNOWGREEN SOLUTIONS LIMITE
SHINEFASH	SHINE FASHIONS (INDIA) LIMITED
HCC	HOA CAM CONCRETE JSC
IDBTECH	IDB TECHNOLOGIES BERHAD
MEYER	MEYER PLC.
SIGNORIA	SIGNORIA CREATION LTD
MND	MINERAL MIDRANGE
SKN	SAKANA
XPS	XPS PENSIONS GROUP PLC ORD GBP0.0005
ADM	ADMIRAL GROUP ORD GBP0.001
TURSG	TURKIYE SIGORTA
AKGRT	AKSIGORTA
VAKFN	VAKIF FIN. KIR.
AGESA	AGESA HAYAT EMEKLILIK
TGSAS	TGS DIS TICARET
TFBANK	TF BANK AB
211050	INCAR FINANCIAL SERVICE CO.,LTD.
CPI	CAPITEC BANK HLDGS LTD
DNOS	DUNAV OSIGURANJE A
BEMA	DAMAAN ISLAMIC INSURANCE QPSC
PSE	THE PHILIPPINE STOCK EXCHANGE
AUB	ASIA UNITED BANK CORPORATION
GMAP	GMA HOLDINGS, INC. (PDR)
UNIC	UNITED INSURANCE CO OF PAKISTAN LTD
EWIC	EAST WEST INSURANCE CO LTD
PROT	PROTECTOR FORSIKRING ASA
ETI	ECOBANK TRANSNATIONAL INC
WEMABANK	WEMA BANK PLC
FIDELITYBK	FIDELITY BANK PLC
TWR	TOWER LTD NPV
BOURSA	BOURSA KUWAIT SECURITIES CO KPSC
IBI	IBI INV HOUSE
ANLT	ANALYST
IDIN	IDI INSUR
SAUD	AL BARAKA BANK EGYPT
EXPA	EXPORT DEVELOPMENT BANK OF EGYPT
ADIB	ABU DHABI ISLAMIC BANK- EGYPT
COMI	COMMERCIAL INTERNATIONAL BANK-EGYPT (CIB)
UTTARABANK	UTTARA BANK PLC
BPAT	BANCO PATAGONIA SA
GGAL	GRUPO FINANCIERO GALICIA SA
UTGN	UTG, Inc.
PGR	Progressive Corporation (The)
PLMR	Palomar Holdings, Inc.
HLI	Houlihan Lokey, Inc.
PJT	PJT Partners Inc.
HLNE	Hamilton Lane Incorporated
OPHC	OptimumBank Holdings, Inc.
CTUY	Century Next Financial Corp
MCY	Mercury General Corporation
LDSN	Luduson G Inc.
KINS	Kingstone Companies, Inc
MHI	Pioneer Municipal High Income Fund, Inc.
LEO	BNY Mellon Strategic Municipals, Inc.
MFM	MFS Municipal Income Trust
NMZ	Nuveen Municipal High Income Opportunity Fund
FFC	Flaherty & Crumrine Preferred and Income Securities Fund Incorporated
PSN	Parsons Corporation
NVG	Nuveen AMT-Free Municipal Credit Income Fund
NEA	Nuveen AMT-Free Quality Municipal Income Fund
FLC	Flaherty & Crumrine Total Return Fund Inc
IAF	abrdn Australia Equity Fund, Inc.
PFO	Flaherty & Crumrine Preferred and Income Opportunity Fund Incorporated
PFD	Flaherty & Crumrine Preferred and Income Fund Incorporated
PINS	Pinterest, Inc.
PSLV	Sprott Physical Silver Trust ETV
HOOD	Robinhood Markets, Inc.
ASA	ASA Gold and Precious Metals Limited
PMM	Putnam Managed Municipal Income Trust
NAD	Nuveen Quality Municipal Income Fund
ENX	Eaton Vance New York Municipal Bond Fund
SRV	Cushing MLP & Infrastructure Total Return Fund
SMID	Smith-Midland Corporation
DFP	Flaherty & Crumrine Dynamic Preferred and Income Fund Inc.
GDO	Western Asset Global Corporate Defined Opportunity Fund Inc.
WSTL	Westell Technologies, Inc.
HIX	Western Asset High Income Fund II Inc.
FEIM	Frequency Electronics, Inc.
FMY	First Trust Motgage Income Fund
NHS	Neuberger Berman High Yield Strategies Fund
FRMO	FRMO Corp.
FAX	abrdn Asia-Pacific Income Fund, Inc.
CHW	Calamos Global Dynamic Income Fund
EAD	Allspring Income Opportunities Fund
CEF	Sprott Physical Gold and Silver Trust
MPWR	Monolithic Power Systems, Inc.
VST	Vistra Corp.
EMO	ClearBridge Energy Midstream Opportunity Fund Inc.
SGHC	Super Group (SGHC) Limited
EOD	Allspring Global Dividend Opportunity Fund
RITR	Reitar Logtech Holdings Limited
SKYW	SkyWest, Inc.
FT	Franklin Universal Trust
DT	Dynatrace, Inc.
GB	Global Blue Group Holding AG
DBL	DoubleLine Opportunistic Credit Fund
CHN	China Fund, Inc. (The)
PSIX	Power Solutions International, Inc.
ETG	Eaton Vance Tax-Advantaged Global Dividend Income Fund
ACV	Virtus Diversified Income & Convertible Fund
NTRS	Northern Trust Corporation
PDEX	Pro-Dex, Inc.
EXG	Eaton Vance Tax-Managed Global Diversified Equity Income Fund
IMMR	Immersion Corporation
JHI	John Hancock Investors Trust
SIEB	Siebert Financial Corp.
ZBRA	Zebra Technologies Corporation
EVTC	Evertec, Inc.
FOUR	Shift4 Payments, Inc.
SPFX	Standard Premium Finance Holdings, Inc.
IDCC	InterDigital, Inc.
GLDD	Great Lakes Dredge & Dock Corporation
FOF	Cohen & Steers Closed-End Opportunity Fund, Inc.
AOREF	American Overseas Group Limited
ANF	Abercrombie & Fitch Company
ISSC	Innovative Solutions and Support, Inc.
POWL	Powell Industries, Inc.
NU	Nu Holdings Ltd.
WLFC	Willis Lease Finance Corporation
DHY	Credit Suisse High Yield Bond Fund
FIX	Comfort Systems USA, Inc.
NJR	NewJersey Resources Corporation
SAGT	SAGTEC GLOBAL LIMITED
GBFH	GBank Financial Holdings Inc.
LKNCY	Luckin Coffee Inc.
AMGN	Amgen Inc.
ENVA	Enova International, Inc.
PHT	Pioneer High Income Fund, Inc.
CAMT	Camtek Ltd.
META	Meta Platforms, Inc.
NRIM	Northrim BanCorp Inc
AROC	Archrock, Inc.
ODD	ODDITY Tech Ltd.
ENSG	The Ensign Group, Inc.
ESP	Espey Mfg. & Electronics Corp.
VNOM	Viper Energy, Inc.
FXLG	F.S. Bancorp
TRIN	Trinity Capital Inc.
STRW	Strawberry Fields REIT, Inc.
OAKV	OAK VIEW BANKSHARES INC.
JCE	Nuveen Core Equity Alpha Fund
PNRG	PrimeEnergy Resources Corporation
AWF	Alliancebernstein Global High Income Fund
HLFN	Home Loan Financial Corp.
FOTB	First Ottawa Bancshares
XYF	X Financial
LRCX	Lam Research Corporation
QCOM	QUALCOMM Incorporated
VITL	Vital Farms, Inc.
LGCY	Legacy Education Inc.
ETV	Eaton Vance Corporation Eaton Vance Tax-Managed Buy-Write Opportunities Fund
DECK	Deckers Outdoor Corporation
TY	Tri Continental Corporation
ATAT	Atour Lifestyle Holdings Limited
EXPD	Expeditors International of Washington, Inc.
FUTU	Futu Holdings Limited
CET	Central Securities Corporation
APH	Amphenol Corporation
BAM	Brookfield Asset Management Inc
NEWT	NewtekOne, Inc.
FSLR	First Solar, Inc.
NBN	Northeast Bank
PDD	PDD Holdings Inc.
FBAK	First National Bank Alaska
ATLC	Atlanticus Holdings Corporation
TBBK	The Bancorp, Inc.
OKE	ONEOK, Inc.
GCT	GigaCloud Technology Inc
FN	Fabrinet
GLAD	Gladstone Capital Corporation
SNEX	StoneX Group Inc.
ETB	Eaton Vance Tax-Managed Buy-Write Income Fund
KSBI	K S Bancorp, Inc.
KNSL	Kinsale Capital Group, Inc.
AZN	ASTRAZENECA PLC ORD 
NWG	NATWEST GROUP PLC ORD
WISE	WISE PLC CLS A ORD
HLMA	HALMA ORD
ADM	ADMIRAL GROUP ORD
DPLM	DIPLOMA PLC ORD
FCIT	F&C INVESTMENT TRUST PLC ORD
GAW	GAMES WORKSHOP GROUP ORD
PCT	POLAR CAPITAL TECHNOLOGY TRUST PLC ORD
BBOX	TRITAX BIG BOX REIT PLC ORD
MNKS	MONKS INVESTMENT TRUST ORD
EMG	MAN GROUP PLC (NEW) ORD 
MTO	MITIE GROUP ORD
MRC	MERCANTILE INVESTMENT TST PLC(THE) ORD
OSB	OSB GROUP PLC ORD
TEM	TEMPLETON EMERGING MKTS INV TRUST ORD
PAG	PARAGON BANKING GROUP PLC ORD
BCG	BALTIC CLASSIFIEDS GROUP PLC ORD
SSPG	SSP GROUP PLC ORD
ASL	ABERFORTH SMALLER COMPANIES TRUST ORD
BNKR	BANKERS INVESTMENT TRUST ORD
TRN	TRAINLINE PLC ORD
GAMA	GAMMA COMMUNICATIONS PLC ORD
TRY	TR PROPERTY INVESTMENT TRUST ORD
AGT	AVI GLOBAL TRUST PLC ORD
JFJ	JPMORGAN JAPANESE INV TRUST PLC ORD
XPS	XPS PENSIONS GROUP PLC ORD
CMCX	CMC MARKETS ORD
JII	JPMORGAN INDIAN INV TRUST PLC ORD
CORD	CORDIANT DIGITAL INFRASTRUCTURE LTD ORD NPV
USA	BAILLIE GIFFORD US GROWTH TRUST PLC ORD
PRSR	PRS REIT PLC (THE) ORD
ATYM	ATALAYA MINING COPPER S.A. ORD EUR0.09 (CDI)
JEDT	JPMORGAN EURO DISCOVERY TRUST PLC ORD
PAY	PAYPOINT ORD
FEML	FIDELITY EMERGING MARKETS LTD PTG SHS NPV
MAB1	MORTGAGE ADVICE BUREAU (HOLDINGS) PLC
AIE	ASHOKA INDIA EQUITY INV TRUST PLC ORD
AAS	ABRDN ASIA FOCUS PLC ORD
GFRD	GALLIFORD TRY HOLDINGS PLC ORD
W7L	WARPAINT LONDON PLC ORD
CTUK	CT UK CAP AND INC INV TRUST PLC ORD
SBRE	SABRE INSURANCE GROUP PLC ORD
AAEV	ALBION ENTERPRISE VCT PLC ORD
JAGI	JPMORGAN ASIA GROWTH & INCOME PLC ORD
BGUK	BAILLIE GIFFORD UK GROWTH TRUST PLC ORD
IGET	INVESCO GLOBAL EQTY INCOME TST PLC ORD
SUP	SUPREME PLC ORD
ASAI	ASA INTERNATIONAL GROUP PLC ORD
SRB	SERABI GOLD PLC ORD
MTU	MONTANARO UK SMALLER COS INVESTM TR ORD
ALU	ALUMASC GROUP ORD
ELCO	ELECO PUBLIC LIMITED COMPANY ORD
ALTN	ALTYNGOLD PLC ORD
IGP	INTERCEDE GROUP ORD
ANP	ANPARIO ORD
DFCH	DISTRIBUTION FINANCE CAPITAL HLDGS ORD
SYS1	SYSTEM1 GROUP PLC ORD
BRIG	BLACKROCK INC & GR ORD
HERC	HERCULES PLC ORD
ORCH	ORCHARD FUNDING GROUP PLC ORD
FKE	FISKE ORD
9024	SEIBU HOLDINGS INC
9218	MENTAL HEALTH TECHNOLOGIES CO LTD
7692	EARTH INFINITY CO LTD
4119	NIPPON PIGMENT HOLDINGS CO LTD
2983	ARR PLANNER CO LTD
9271	WAGOKORO CO LTD
3107	DAIWABO HOLDINGS CO LTD
1491	CHUGAI MINING CO
1848	FUJI P.S CORPORATION
3625	TECHFIRM HOLDINGS INC
5729	NIHON SEIKO CO LTD
6577	BESTONE.COM CO LTD
4440	WITZ CORPORATION
5134	POPER CO LTD
3540	C.I.MEDICAL CO LTD
7318	SERENDIP HOLDINGS CO LTD
5075	UPCON CORP
9247	TRE HLDGS CORP
3475	GOOD COM ASSET CO LTD
9252	LAST ONE MILE CO LTD
3489	FAITHNETWORK CO LTD
1450	TANAKEN INC
7377	DN HLDGS CO LTD
6819	IZU SHABOTEN RESORT CO LTD
3046	JINS HOLDINGS INC
6080	M&A CAPITAL PARTNERS CO LTD
8996	HOUSEFREEDOM CO.LTD
5139	OPENWORK INC
5025	MERCURY INC
9338	INFORICH INC
5248	TECHNOLOGIES INC
7408	JAMCO CORPORATION
3384	ARKCORE INC.
2991	LANDNET INC
4691	WASHINGTON HOTEL CORPORATION
9603	H.I.S. CO LTD
4346	NEXYZ GROUP CORPORATION
8136	SANRIO CO LTD
1777	KAWASAKI SETSUBI KOGYO CO. LTD.
4335	IPS CO LTD
5592	KUSURINOMADOGUCHI INC
6562	GENIEE INC
7685	BUYSELL TECHNOLOGIES CO LTD
4054	NIHON JYOHO CREATE CO LTD
5028	SECONDXIGHT ANALYTICA INC.
6871	MICRONICS JAPAN CO
3498	KASUMIGASEKI CAPITAL CO LTD
6580	WRITEUP CO LTD
4389	PROPERTY DATA BANK INC
3299	MUGEN ESTATE CO LTD
3675	CROSS MARKETING GROUP INC
6101	TSUGAMI CORP
2998	CREAL INC
3640	DENSAN CO LTD
4369	TRI CHEMICAL LABORATORIES INC.
4386	SIG GROUP CO LTD
9242	MEDIA RESEARCH INSTITUTE INC
3399	MARUCHIYO YAMAOKA CORP
6045	RENTRACKS CO LTD
9249	JAPAN ECOSYSTEM CO LTD
7091	LIVING PLATFORM LTD
1980	DAI-DAN CO LTD
3660	ISTYLE INC
6578	CORREC HOLDINGS INC
6560	LTS INC
5858	STG CO LTD
5036	JAPAN BUSINESS SYSTEMS INC
4498	CYBERTRUST JAPAN CO LTD
6383	DAIFUKU CO LTD
7638	NEW ART HOLDINGS CO LTD
1418	INTERLIFE HLDG CO LTD
3962	CHANGE HOLDINGS INC
2884	YOSHIMURA FOOD HOLDINGS KK
6554	SUS CO LTD
5803	FUJIKURA
2981	LANDIX INC
3565	ASCENTECH K K
3538	WILLPLUS HOLDINGS CORPORATION
3671	SOFTMAX CO LTD
9214	RECOVERY INTERNATIONAL CO LTD
6016	JAPAN ENGINE CORPORATION
4776	CYBOZU INC
3563	FOOD & LIFE COMPANIES LTD
7867	TOMY COMPANY LTD
4374	ROBOT PAYMENT INC
9556	INTLOOP INC
7453	RYOHIN KEIKAKU CO
3486	GLOBAL LINK MANAGEMENT INC
7133	HYUGA PRIMARY CARE CO LTD
7699	OMNI-PLUS SYSTEM LTD
3300	AMBITION DX HOLDINGS CO LTD
6507	SINFONIA TECHNOLOGY CO LTD
7353	KIYO LEARNING CO LTD
9337	TORIDORI INC
9225	BRIDGE CONSULTING GROUP INC
1662	JAPAN PETROLEUM EXPLORATION CO LTD
9560	PROGRIT INC
5138	REBASE INC
6525	KOKUSAI ELECTRIC CORPORATION
7137	GRANTOMATO COMPANY LTD
9211	F CODE INC
6266	TAZMO CO LTD
3484	INNOVATION HOLDINGS CO LTD
8769	ADVANTAGE RISK MANAGEMENT CO. LTD
4475	HENNGE K K
5885	GDEP ADVANCE INC
7936	ASICS CORP
6424	TAKAMISAWA CYBERNETICS CO LTD
8035	TOKYO ELECTRON
5842	INTEGRAL CORPORATION
3076	AI HOLDINGS CORPORATION
2975	STAR MICA HLDGS CO
4568	DAIICHI SANKYO COMPANY LIMITED
6146	DISCO CORPORATION
9554	AVIC CO LTD
5038	EWELL CO LTD
5838	RAKUTEN BANK LTD
4431	SMAREGI INC
7409	AEROEDGE CO LTD
9467	ALPHAPOLIS CO LTD
4107	ISE CHEMICALS CORP
9706	JAPAN AIRPORT TERMINAL CO
6195	HOPE INC
4415	BROAD ENTERPRISE CO LTD
7735	SCREEN HOLDINGS CO LTD
7373	AIDMA HOLDINGS INC
2146	UT GROUP CO LTD
4058	TOYOKUMO INC
3798	ULS GROUP INC
4685	RYOYU SYSTEMS CO LTD
6269	MODEC INC(JAPAN)
3143	O WILL CORPORATION
9564	FCE INC
2970	GOOD LIFE CO INC
5284	YAMAU HOLDINGS CO LTD
4439	TOUMEI CO LTD
8704	TRADERS HOLDINGS
3496	AZOOM CO LTD
6061	UNIVERSAL ENGEISHA CO LTD
4783	NCD CO LTD
3452	B-LOT COMPANY LIMITED
4261	ASIAQUEST CO LTD
6088	SIGMAXYZ HOLDINGS INC
6561	HANATOUR JAPAN CO LTD
5253	COVER CORPORATION
3916	DIGITAL INFORMATION TECHNOLOGIES CO
4570	IMMUNO-BIOLOGICAL LABORATORIES CO
5032	ANYCOLOR INC
2986	LA HOLDINGS CO LTD
6184	KAMAKURA SHINSHO LTD
7014	NAMURA SHIPBUILDING CO
6777	SANTEC HOLDINGS CORPORATION
6040	NIPPON SKI RESORT DEV CO LTD
2323	FONFUN CORPORATION
7094	NEXTONE INC
3465	KI-STAR REAL ESTATE CO LTD
4396	SYSTEM SUPPORT HOLDINGS INC
4377	ONE CAREER INC
4495	I CUBED SYSTEMS INC
5254	ARENT INC
6255	NPC INCORPORATED
5575	GLOBEE INC
7832	BANDAI NAMCO HOLDINGS INC
7550	ZENSHO HOLDINGS CO LTD
5344	MARUWA CO LTD
9766	KONAMI GROUP CORPORATION
7033	MANAGEMENT SOLUTIONS CO LTD
7059	COPRO-HOLDINGS CO LTD
4519	CHUGAI PHARMACEUTICAL CO
6254	NOMURA MICRO SCIENCE CO LTD
7320	SOLVVY INC
3687	FIXSTARS CORPORATION
3021	PACIFIC NET CO. LTD
7608	SK JAPAN CO LTD
2303	DAWN CORP
6549	DM SOLUTIONS CO LTD
3741	SYSTEMS ENGINEERING CONSULTANTS CO
7148	FINANCIAL PARTNERS GROUP CO LTD
6231	KIMURA KOHKI CO LTD
3093	TREASURE FACTORY CO LTD
6323	RORZE CORP
7906	YONEX CO LTD
3939	KANAMIC NETWORK CO LTD
9163	NARERU GROUP INC
3964	AUCNET INC
6224	JRC CO LTD
4071	PLUS ALPHA CONSULTING CO LTD
4768	OTSUKA CORPORATION
6590	SHIBAURA MECHATRONICS CO
6037	RAKUMACHI INC
4430	TOKAI SOFT CO LTD
7599	IDOM INC
9388	PAPANETS CO LTD
3989	SHARINGTECHNOLOGY INC
AMAL	AMAL LTD.
TRANSVOY	TRANSVOY LOGISTICS INDIA LIMIT
ASCENSIVE	ASCENSIVE EDUCARE LIMITED
MRP	MRP AGRO LIMITED
TIGERLOGS	TIGER LOGISTICS (INDIA) LTD
LAXMIPATI	LAXMIPATI ENGINEERING WORKS LI
DOLPHIN	DOLPHIN OFF ENT (IND) L
PADAMCO	PADAM COTTON YARNS LTD.
SHAH	SHAH METACORP LTD
TRL	TAYLORMADE RENEWABLES LIMITED
SOLEX	SOLEX ENERGY LTD
BHARTIARTL	BHARTI AIRTEL LTD
SHREERAMA	SHREE RAMA MULTI TECH LTD
STARLENT	STARLINEPS ENTERPRISES LIMITED
EPIC	EPIC ENERGY LTD.
CHALLANI	CHALLANI CAPITAL LIMITED
TEMBO	TEMBO GLOBAL IND LTD
GARGI	PNGS GARGI FASHION JEWELLERY L
CROWN	CROWN LIFTERS LTD
HPCOTTON	H.P.COTTON TEXTILE MILLS LTD.
OLATECH	OLATECH SOLUTIONS LIMITED
BRADYM	BRADY & MORRIS ENGINEERING CO.
WHBRADY	W.H.BRADY & CO.LTD.
SHAKTIPUMP	SHAKTI PUMPS (I) LTD
VINCOFE	VINTAGE COFFEE N BVRGS L
MORGAN	MORGAN VENTURES LTD.
SKYGOLD	SKY GOLD AND DIAMONDS LTD
FRONTSP	FRONTIER SPRINGS LTD.
NATIONALUM	NATIONAL ALUMINIUM CO LTD
SWASTIKA	SWASTIKA INVESTMART LTD.
BIRLAMONEY	ADITYA BIRLA MONEY LTD
KCEIL	KAY CEE ENERGY & INFRA L
ARVSMART	ARVIND SMARTSPACES LTD
BRIDGESE	BRIDGE SECURITIES LTD.
JAGSNPHARM	JAGSONPAL PHARMACEUTICALS
BLUECLOUDS	BLUE CLOUD SOFTECH SOLUTIONS L
CONSTRONIC	CONSTRONICS INFRA LIMITED
JMJFIN	JMJ FINTECH LIMITED
SHRADDHA	SHRADDHA PRIME PROJECTS LTD
SELAN	SELAN EXPLO. TECH LTD
INDOUS	INDO US BIOTECH LTD
ARROWGREEN	ARROW GREENTECH LTD
KRISHANA	KRISHANA PHOSCHEM LTD
DEEPAKFERT	DEEPAK FERTILIZERS & PETR
RMC	RMC SWITCHGEARS LIMITED
WOMANCART	WOMANCART LTD
KPGEL	KP GREEN ENGINEERING LIMITED
FORCEMOT	FORCE MOTORS LTD
PRIMESECU	PRIME SECURITIES LTD
SAHANA	SAHANA SYSTEM LTD
ROBU	MACFOS LIMITED
KPEL	K.P. ENERGY LTD
ARYAMAN	ARYAMAN FINANCIAL SERVICES LTD
HECPROJECT	HEC INFRA PROJECTS LTD
IRISDOREME	IRIS CLOTHINGS LTD
CONTROLPR	CONTROL PRINT LTD
SYNCOMF	SYNCOM FORMU (I) LTD
SONUINFRA	SONU INFRATECH LTD
EXHICON	EXHICON EVENTS MEDIA SOLUTIONS
GOKULAGRO	GOKUL AGRO RESOURCES LTD
POEL	POCL ENTERPRISES LTD
DPABHUSHAN	D. P. ABHUSHAN LTD
EPIGRAL	EPIGRAL LIMITED
ZODIAC	ZODIAC ENERGY LTD
EMKAYTOOLS	EMKAY TAP & CUT. TOOL LTD
MARCO	MARCO CABLE & CONDUCTOR L
SAHAJSOLAR	SAHAJ SOLAR LTD
KPIGREEN	KPI GREEN ENERGY LTD
SIDDHIKA	SIDDHIKA COATINGS LTD
KKCL	KEWAL KIRAN CLOTHING LTD
TANFACIND	TANFAC INDUSTRIES LTD.
KPL	KWALITY PHARMACEUTICALS LIMITE
RESGEN	RESGEN LIMITED
CNCRD	CONCORD CONTROL SYSTEMS LIMITE
CEINSYSTECH	CEINSYS TECH LIMITED
BLS	BLS INTL SERVS LTD
CONTPTR	CONTINENTAL PETROLEUMS LTD.
SHILCTECH	SHILCHAR TECHNOLOGIES LTD.
ALSL	ALACRITY SECURITIES LTD
DYCL	DYNAMIC CABLES LTD
MALLCOM	MALLCOM (INDIA) LTD
SUPRIYA	SUPRIYA LIFESCIENCE LTD
KIRLPNU	KIRLOSKAR PNEUMATIC COM L
BEMHY	BEMCO HYDRAULICS LTD.
ASALCBR	ASSO ALCOHOLS & BREW LTD
DODLA	DODLA DAIRY LTD
FIDEL	FIDEL SOFTECH LTD
ALLETEC	ALL E TECHNOLOGIES LTD
TARACHAND	TARA CHAND INFRA SOLN LTD
FROG	FROG CELLSAT LTD
RBZJEWEL	RBZ JEWELLERS LTD
REFEX	REFEX INDUSTRIES LTD
TDPOWERSYS	TD POWER SYSTEMS LTD.
MADHUSUDAN	MADHUSUDAN MASALA LTD
IRIS	IRIS BUSINESS SERV LTD
INFOLLION	INFOLLION RESEARCH SER L
BANCOINDIA	BANCO PRODUCTS (I) LTD
SYMPHONY	SYMPHONY LTD
ASKAUTOLTD	ASK AUTOMOTIVE LTD
KPITTECH	KPIT TECHNOLOGIES LTD
REFRACTORY	REFRACTORY SHAPES LTD
AISL	ANI INTEGRATED SERV LTD.
SBC	SBC EXPORTS LTD
NDRAUTO	NDR AUTO COMPONENTS LTD
SONATSOFTW	SONATA SOFTWARE LTD
GABRIEL	GABRIEL INDIA LTD
INDIASHLTR	INDIA SHELTER FIN CORP L
PGIL	PEARL GLOBAL IND LTD
INDOTECH	INDO TECH TRANSFORM LTD.
LKPSEC	LKP SECURITIES LIMITED
ITDCEM	ITD CEMENTATION INDIA LTD
PIXTRANS	PIX TRANSMISSIONS LTD
SJS	SJS ENTERPRISES LTD
SILVERTUC	SILVER TOUCH TECHNO LTD
CARERATING	CARE RATINGS LTD
UNIVASTU	UNIVASTU INDIA LTD
STYRENIX	STYRENIX PERFORMANCE LTD
HINDZINC	HINDUSTAN ZINC LTD
CAMS	COMPUTER AGE MNGT SER LTD
GPTINFRA	GPT INFRAPROJECTS LTD
RATNAVEER	RATNAVEER PRECISION ENG L
SUNDARMFIN	SUNDARAM FINANCE LTD
BHARATSE	BHARAT SEATS LTD
ALLDIGI	ALLDIGI TECH LTD
GOLDIAM	GOLDIAM INTERNATIONAL LTD
SHRIRAMFIN	SHRIRAM FINANCE LTD
ICICIGI	ICICI LOMBARD GIC LTD
FIVESTAR	FIVE-STAR BUS FIN LTD
VMARCIND	V MARC INDIA LTD
JSWINFRA	JSW INFRASTRUCTURE LTD
HUDCO	HSG & URBAN DEV CORPN LTD
POWERMECH	POWER MECH PROJECTS LTD.
GRAVITA	GRAVITA INDIA LTD
JASH	JASH ENGINEERING LTD
ATISHAY	ATISHAY LIMITED
HDFCAMC	HDFC AMC LTD
MPSLTD	MPS LTD
LUMAXIND	LUMAX INDUSTRIES LTD
IREDA	INDIAN RENEWABLE ENERGY
DHANUKA	DHANUKA AGRITECH LTD
HOMEFIRST	HOME FIRST FIN CO IND LTD
CCL	CCL PRODUCTS (I) LTD
PRECWIRE	PRECISION WIRES INDIA LTD
CHOLAFIN	CHOLAMANDALAM IN & FIN CO
RESPONIND	RESPONSIVE INDUSTRIES LTD
APTUS	APTUS VALUE HSG FIN I LTD
CHOLAHLDNG	CHOLAMANDALAM FIN HOL LTD
MUTHOOTFIN	MUTHOOT FINANCE LTD
IEX	INDIAN ENERGY EXC LTD
PITTIENG	PITTI ENGINEERING LTD
DMR	DMR HYDROENGINEERING & INFRAST
RAILTEL	RAILTEL CORP OF IND LTD
GODFRYPHLP	GODFREY PHILLIPS INDIA LTD
MARKSANS	MARKSANS PHARMA LTD
KARURVYSYA	KARUR VYSYA BANK LTD
SWARAJENG	SWARAJ ENGINES LTD
VISHNU	VISHNU CHEMICALS LTD
AEL	AMBA ENTERPRISES LTD.
AEROFLEX	AEROFLEX INDUSTRIES LTD
TINNARUBR	TINNA RUBBER AND INFR LTD
ABSLAMC	ADIT BIRL SUN LIF AMC LTD
PRICOLLTD	PRICOL LTD
BEDMUTHA	BEDMUTHA INDUST LTD
AURIONPRO	AURIONPRO SOLN LTD
ZYDUSLIFE	ZYDUS LIFESCIENCES LTD
CANTABIL	CANTABIL RETAIL LTD
DISAQ	DISA INDIA LTD.
PFC	POWER FIN CORP LTD.
QGO	QGO FINANCE LIMITED
SKPSEC	SKP SECURITIES LTD.
RITCO	RITCO LOGISTICS LTD
SMHN	SUESS MICROTEC SE
FRS	FORIS AG
EIN	EINHELL GERMANY AG
HOT	HOCHTIEF AG
A0M2DF	Vilkyskiu Pienine AB
IPOK	HEIDEL.BETEIL.HLDG O.N.
PSG	PHARMASGP HOLDING SE
MID.UN	MINT INCOME FUND
SOIL	SATURN OIL & GAS INC
INC.UN	INCOME FINANCIAL TRUST
KNT	K92 MNG INC
EIT.UN	CANOE EIT INCOME FD
IMG	IAMGOLD CORP
CJT	CARGOJET INC
LFE	CANADIAN LIFE COS SPLIT CORP
RBY	RUBELLITE ENERGY CORP.
DGS	DIVIDEND GROWTH SPLIT CORP
VLE	VALEURA ENERGY INC
DCBO	DOCEBO INC
PNG	KRAKEN ROBOTICS INC
GDV	GLOBAL DIVIDEND GROWTH SPLIT CORP
ATZ	ARITZIA INC
LOVE	CANNARA BIOTECH INC
QBTC	3IQ CORP
AFM	ALPHAMIN RES CORP
YEG	YORKTON EQUITY GROUP INC
RBN.UN	BLUE RIBBON INCOME FUND
PNP	PINETREE CAPITAL LTD
GDC	GENESIS LAND DEVELOPMENT CORP
CGI	CANADIAN GENERAL INVESTMENTS
LPC	LORNE PK CAPITAL PARTNERS INC
ORE	OREZONE GOLD CORP
FTG	FIRAN TECHNOLOGY GROUP CORPORATION
MHC.U	FLAGSHIP CMNTYS REAL ESTATE INVT TR
MEQ	MAINSTREET EQUITY CORP
VNP	5N PLUS INC
BDT	BIRD CONSTRUCTION INC
BRM	BIOREM INC
WFC	WALL FINANCIAL CORP
TVK	TERRAVEST INDUSTRIES INC
TGH	TORNADO INFRASTRUCTURE EQUPMNT LTD
FFH	FAIRFAX FINANCIAL HLDGS LTD
133	CHINA MERCHANTS CHINA DIRECT INV
1808	ENTERPRISE DEVELOPMENT HOLDINGS LTD
175	GEELY AUTOMOBILE HOLDINGS LIMITED
8603	FAMEGLOW HOLDINGS LTD
2490	LC LOGISTICS INC
1235	TRAVEL EXPERT(ASIA) ENTERPRISES LTD
8326	TONKING NEW ENERGY GROUP HLDGS LTD
1415	COWELL E HOLDINGS INC
1729	TIME INTERCONNECT TECH LTD
2209	YESASIA HOLDINGS LTD
2488	LAUNCH TECH CO LTD
1357	MEITU INC
1925	KWUNGS AROMA HOLDINGS LTD
316	ORIENT OVERSEAS INT
2111	BEST PACIFIC INTL HOLDINGS LIMITED
2145	SHANGHAI CHICMAX COSMETIC CO LTD
2245	LYGEND RESOURCES & TECHNOLOGY CO
1769	SCHOLAR EDUCATION GROUP
752	PICO FAR EAST HLDGS
2149	BATELAB CO LTD
2360	BEST MART 360 HLDGS LTD
8188	GME GROUP HLDGS LTD
3998	BOSIDENG INTERNATIONAL HLDGS
1985	MICROWARE GRP LTD
3692	HANSOH PHARMACEUTICAL GROUP CO LTD
992	LENOVO GROUP LIMITED
2283	TK GROUP (HOLDINGS) LIMITED
2663	KPA-BM HOLDINGS LTD
1184	S.A.S.DRAGON
388	HONG KONG EXCHANGES & CLEARING
1882	HAITIAN INTERNATIONAL HOLDINGS LTD
9985	WEILONG DELICIOUS GLOBAL HLDGS LTD